input,,,output,
NED,d,rb,width,depth
0.00824902,0.000106088,4.85E-05,0.00010678,9.66E-05
0.008199845,0.000102039,4.52E-05,0.000113542,0.00011463
0.008239229,0.00010605,4.57E-05,0.0001114,0.000117236
0.008233109,1.06E-04,4.42E-05,0.000110547,9.17E-05
0.011203705,0.000106069,4.66E-05,7.88E-05,0.000116636
0.00717286,0.00010462,4.76E-05,0.000107681,0.000111708
0.008724536,0.000101028,4.51E-05,0.000120079,0.000107538
0.007328689,0.000106203,4.77E-05,0.000108103,0.000123645
0.006064289,1.06E-04,4.66E-05,0.000117635,0.000118752
0.006318542,9.70E-05,4.42E-05,0.000108466,0.00011423
0.007629322,0.000103419,4.62E-05,0.000105362,0.000108044
0.006060283,0.000106175,4.27E-05,0.000115928,9.97E-05
0.008196434,0.000105746,4.51E-05,0.00011412,0.000101617
0.00919097,9.99E-05,4.34E-05,0.000116903,0.000117781
0.007339436,0.000105771,4.27E-05,9.81E-05,0.000110797
0.005818014,1.06E-04,4.31E-05,0.000114274,0.00011423
0.006300851,0.000106494,4.31E-05,0.000122667,0.000103983
0.0095019,9.90E-05,4.28E-05,0.000117121,0.000120834
0.008725109,0.000100718,4.31E-05,0.000116738,0.000124344
0.007408759,0.000106472,4.31E-05,0.000111506,0.000125689
0.00672341,0.000105482,4.84E-05,0.000105832,0.000107272
0.009497278,9.70E-05,4.42E-05,0.00011344,0.000113525
0.011515024,9.61E-05,3.99E-05,0.000127131,0.000126727
0.009133938,0.000100809,4.85E-05,0.00013468,5.42E-05
0.012125627,9.56E-05,3.92E-05,0.000124298,0.000124891
0.006242574,0.000100888,4.28E-05,0.000110343,0.000107455
0.008172385,0.000101014,4.28E-05,0.00012459,0.00012684
0.009373707,0.000112618,4.68E-05,0.000115548,9.72E-05
0.005819777,1.08E-04,5.06E-05,0.000103504,0.000106584
0.010956097,1.15E-04,4.42E-05,0.0001337,0.000123923
0.006170568,1.07E-04,4.94E-05,0.000107256,0.000107871
0.009373258,0.000104943,4.28E-05,0.000105359,0.000111085
0.009374487,9.70E-05,4.91E-05,0.000111973,0.000127739
0.006078366,0.000114327,4.92E-05,0.000110121,0.000107379
0.006229524,1.12E-04,4.90E-05,0.000121432,0.000130247
0.006082884,9.56E-05,4.58E-05,0.00012467,0.000128239
0.008020198,9.56E-05,4.52E-05,0.00011228,0.000112098
0.007398676,0.000104881,4.92E-05,9.96E-05,0.000124481
0.010778425,1.01E-04,4.27E-05,0.000119907,0.000119129
0.006184697,1.05E-04,5.24E-05,0.000112625,0.000104979
0.006223447,1.08E-04,4.69E-05,0.000117389,0.000121978
0.006259243,0.000105879,4.58E-05,0.000108957,0.0001143
0.009193555,1.01E-04,4.93E-05,0.000115134,0.000143765
0.005574796,0.000105863,4.97E-05,0.000123506,0.000123802
0.010998808,0.000112315,4.68E-05,0.00012672,0.000108623
0.00804231,9.57E-05,4.91E-05,9.45E-05,0.000123515
0.013352732,0.000114295,4.85E-05,8.97E-05,0.000111245
0.008791465,0.000115291,4.90E-05,0.000119968,0.000102514
0.008399714,0.000101451,4.48E-05,0.000118416,0.000118755
0.008701192,0.000105724,4.58E-05,9.35E-05,0.000113645
0.009316549,9.96E-05,4.32E-05,0.000114405,0.000116204
0.006249046,0.000116364,4.69E-05,0.000120832,0.000124155
0.007610121,0.000103532,4.63E-05,0.000108755,0.000111462
0.006318542,1.06E-04,4.91E-05,0.000102469,0.000102813
0.005819777,1.01E-04,4.91E-05,0.00011438,0.000124309
0.014884641,9.30E-05,3.70E-05,0.000133132,0.000132713
0.009216537,0.000101295,4.30E-05,0.000115881,0.00013243
0.008040253,0.000105928,4.66E-05,0.000115048,0.000113537
0.00750451,0.000103717,4.66E-05,0.000106728,0.000109648
0.005977246,0.000104947,4.97E-05,0.000108574,0.000113382
0.008035658,0.000105807,4.67E-05,0.000120006,0.000119926
0.009649883,0.000112836,4.31E-05,0.000121253,0.000106534
0.006297911,0.000106324,4.58E-05,0.000120613,0.000124777
0.008407595,0.000101431,4.48E-05,0.000115178,0.000115484
0.008026934,0.000105495,4.58E-05,0.000117898,0.000119333
0.005215711,1.11E-04,5.41E-05,9.31E-05,9.69E-05
0.005584019,1.12E-04,4.31E-05,0.000139748,0.000111917
0.006105877,0.000105685,4.67E-05,0.000117701,0.000119404
0.009485191,1.01E-04,5.25E-05,0.000132932,0.000122156
0.00869672,1.06E-04,4.31E-05,0.000121896,0.000107832
0.006299375,0.000105876,5.29E-05,0.000134026,0.000120117
0.00659804,0.000105549,4.85E-05,0.000114533,0.0001154
0.009892614,1.06E-04,4.28E-05,8.17E-05,0.000106075
0.00725613,0.000104389,4.74E-05,0.00011017,0.000114129
0.0076795,0.000103366,4.61E-05,0.000110628,0.000113313
0.005990066,1.07E-04,5.00E-05,9.47E-05,9.63E-05
0.00760054,0.000103566,4.63E-05,0.000109994,0.00011273
0.005562846,0.000106313,4.85E-05,0.000123543,0.000113953
0.005762989,1.08E-04,5.09E-05,0.000105204,0.000108724
0.009544171,1.05E-04,4.85E-05,0.000111021,0.000118401
0.008542472,0.000101189,4.46E-05,0.000113849,0.000114007
0.004924935,1.13E-04,5.52E-05,9.42E-05,9.67E-05
0.00573555,1.08E-04,5.10E-05,0.000106347,0.000110069
0.009473409,0.000101303,5.24E-05,0.000117502,0.000118914
0.006035666,0.000112373,4.66E-05,0.000126578,0.000124329
0.009480294,9.92E-05,4.28E-05,0.000117628,0.000121353
0.006362461,1.06E-04,4.91E-05,0.000107085,0.000107369
0.010779523,9.67E-05,4.06E-05,0.000119965,0.000121564
0.009844801,9.17E-05,4.36E-05,0.000106163,0.00010496
0.009906867,0.000106499,4.97E-05,0.000108712,0.000116361
0.009482279,0.000100717,4.87E-05,0.000114262,0.00010455
0.00601294,1.07E-04,5.00E-05,0.00010734,0.000108906
0.007980876,0.000102672,4.56E-05,0.000114981,0.000116901
0.012514557,9.54E-05,3.87E-05,0.00012986,0.00013095
0.004792014,1.14E-04,5.62E-05,9.22E-05,9.26E-05
0.006467954,1.06E-04,4.89E-05,0.000109506,0.000109765
0.006297911,1.06E-04,4.91E-05,0.000104479,0.000104859
0.005892125,1.08E-04,5.04E-05,0.000104215,0.000106689
0.006976213,0.000105049,4.79E-05,0.00010762,0.000110462
0.007867671,0.000105497,4.56E-05,0.000116639,0.000119306
0.009200736,1.06E-04,5.26E-05,0.000111196,0.000110811
0.007203366,0.000101437,5.28E-05,0.00013145,0.000143055
0.014188664,0.000105168,4.52E-05,0.000116894,0.000113427
0.006590576,0.000101115,4.36E-05,0.000142555,0.000107087
0.005815498,0.000113557,4.51E-05,0.000111962,0.000111909
0.006091458,0.000105864,4.89E-05,0.000123848,0.000107982
0.011302513,9.63E-05,4.01E-05,0.000119797,0.000119861
0.006737992,0.000105462,4.84E-05,0.000104506,0.00010618
0.010042202,9.78E-05,4.17E-05,0.000121057,0.000123762
0.008774887,1.15E-04,5.08E-05,0.00011379,0.000122026
0.005687363,0.000109866,4.28E-05,0.000120847,0.000126701
0.006482473,0.000103836,4.71E-05,0.000109359,0.000125049
0.007238483,0.000104445,4.74E-05,0.000107708,0.000111663
0.012662031,9.84E-05,4.27E-05,0.000109035,0.000104646
0.007806407,0.000103158,4.59E-05,0.000117165,0.000119695
0.00919097,0.000100814,3.82E-05,0.000101863,0.000100764
0.00528037,1.11E-04,5.37E-05,9.34E-05,9.76E-05
0.0075255,0.000103695,4.65E-05,0.000107066,0.000109945
0.008287072,0.000101747,4.51E-05,0.000114766,0.000115411
0.004858963,1.13E-04,5.57E-05,8.80E-05,9.06E-05
0.007220372,0.000104522,4.74E-05,0.000110814,0.000114822
0.005165784,1.11E-04,5.43E-05,9.71E-05,0.000100154
0.007498369,0.000103733,4.66E-05,0.000112823,0.000115753
0.009414897,9.93E-05,4.30E-05,0.000114676,0.000117875
0.005964556,0.000100275,4.87E-05,0.000116982,0.00011318
0.00994046,1.01E-04,4.36E-05,0.000115361,0.000114692
0.009829493,0.000112871,4.90E-05,0.000133349,0.000123359
0.010309951,0.000105009,5.04E-05,0.00011245,0.000108449
0.004888751,1.13E-04,5.54E-05,9.29E-05,9.54E-05
0.011274506,9.82E-05,4.78E-05,0.000116426,0.000115073
0.00557055,0.000100839,4.92E-05,0.000119815,0.0001114
0.007986972,0.000105491,4.67E-05,0.000107218,0.000113418
0.007873926,1.18E-04,4.79E-05,0.000114922,0.000115544
0.008009994,0.000102558,4.55E-05,0.000111588,0.000113347
0.009994447,9.78E-05,4.18E-05,0.00011934,0.000122081
0.012237472,9.55E-05,3.91E-05,0.000126954,0.000127493
0.005990066,0.000101319,4.87E-05,0.000112633,0.000106448
0.007260093,0.000100944,4.90E-05,0.000142825,0.000116213
0.015970493,0.000115291,4.32E-05,0.000112592,0.000112217
0.007489153,0.000103752,4.66E-05,0.00011269,0.00011567
0.011017845,0.00010145,4.89E-05,0.000102835,0.000103987
0.008648872,0.000106626,4.29E-05,0.000104542,0.000114842
0.008524755,0.000106631,4.97E-05,0.000114491,0.000113725
0.010730608,9.68E-05,4.06E-05,0.00012569,0.000127315
0.006757118,0.000105445,4.83E-05,0.000102248,0.000104032
0.009583631,0.000110989,4.97E-05,0.000102964,0.000111302
0.006074974,1.01E-04,4.52E-05,0.000113864,0.000104617
0.008797268,1.05E-04,4.43E-05,0.000109472,0.0001096
0.006289763,1.01E-04,4.97E-05,0.000114785,0.00010764
0.011187723,1.06E-04,4.93E-05,0.000109753,0.000114217
0.009560675,9.88E-05,4.27E-05,0.000116912,0.000120578
0.011060042,0.000101505,5.06E-05,9.28E-05,0.000115645
0.00886226,0.000100532,4.40E-05,0.000116184,0.000115889
0.008160239,1.07E-04,4.61E-05,0.000118626,0.000121067
0.00612408,0.000109844,4.84E-05,0.000103739,0.000122448
0.008839653,0.000100581,4.40E-05,0.000115652,0.000115285
0.014414203,1.01E-04,4.60E-05,0.000103732,0.000124719
0.009480287,1.04E-04,4.77E-05,0.000115817,0.0001151
0.009632392,0.000105919,4.51E-05,0.000110417,0.000102642
0.006069252,1.08E-04,5.19E-05,0.000108977,0.000126983
0.009484544,0.000103729,4.79E-05,9.64E-05,0.000105178
0.009132019,0.000103611,4.65E-05,0.000105537,0.000114592
0.009942003,9.80E-05,4.19E-05,0.000119471,0.000122499
0.007878726,0.000105068,5.03E-05,0.000116144,0.000116014
0.005697383,1.08E-04,5.11E-05,0.000100856,0.000104682
0.008838113,1.12E-04,4.52E-05,0.000109624,0.000119574
0.00815459,1.16E-04,4.89E-05,0.000106788,0.000119113
0.00902791,0.000100269,4.36E-05,0.000114491,0.000114387
0.011981827,9.58E-05,3.94E-05,0.000126327,0.000125686
0.016381313,0.000105218,5.03E-05,0.000108908,0.00010734
0.00563119,9.83E-05,4.87E-05,0.00010904,0.000108786
0.008412843,0.000101516,4.61E-05,0.000106524,0.00011582
0.008063568,9.96E-05,4.42E-05,0.000120112,0.000119218
0.005576854,0.000103733,4.26E-05,0.000119304,0.000105106
0.005668955,1.08E-04,5.12E-05,0.000107004,0.000110981
0.008647289,0.000105197,3.86E-05,0.000120896,0.000115435
0.009886375,0.000105867,5.39E-05,0.000115508,0.000114429
0.007047676,9.24E-05,5.48E-05,0.000111831,0.000112659
0.010850188,0.000106591,5.05E-05,0.000100981,0.000116995
0.006578649,9.59E-05,4.35E-05,0.000118216,0.000106628
0.008651502,9.95E-05,4.62E-05,0.000121889,0.000111233
0.005588862,0.000105942,5.65E-05,0.000108886,0.000100647
0.009378292,1.05E-04,4.67E-05,0.000122415,0.000107944
0.011186803,1.06E-04,4.71E-05,0.000113354,0.000105448
0.007629834,0.000105569,4.61E-05,0.000127362,0.000116975
0.008145388,0.000102086,4.53E-05,0.000110932,0.000112072
0.009790082,1.01E-04,4.56E-05,0.000121295,0.000106433
0.008406161,0.000101657,4.15E-05,0.000117567,0.000112109
0.009885169,9.81E-05,4.20E-05,0.000121699,0.000125086
0.005715573,1.08E-04,5.10E-05,0.000101283,0.000105059
0.008522102,1.01E-04,4.87E-05,9.20E-05,0.000109026
0.006072366,1.07E-04,4.97E-05,0.000106816,0.000107939
0.016713936,1.14E-04,4.53E-05,0.00010579,0.000106107
0.009713223,0.000107664,4.01E-05,0.000105772,0.000107275
0.00955979,9.83E-05,4.57E-05,0.000114044,0.000112566
0.009164215,0.000107619,5.52E-05,9.52E-05,0.00011689
0.0092328,1.01E-04,4.55E-05,9.84E-05,0.000114435
0.008524755,0.000101273,4.46E-05,0.000111828,0.000112085
0.009135429,0.000100048,4.34E-05,0.000115245,0.000115943
0.007546413,0.000103622,4.64E-05,0.000117834,0.000120668
0.009720118,9.16E-05,4.86E-05,0.000120618,0.000117437
0.006078366,1.07E-04,4.96E-05,0.000107383,0.000108487
0.007408775,1.02E-04,4.31E-05,0.000142884,0.000119815
0.006592921,0.000107642,4.89E-05,0.000134207,0.0001028
0.013405264,9.45E-05,3.78E-05,0.000130212,0.000131922
0.007368716,0.000107806,4.41E-05,0.000104008,0.000112232
0.016230072,0.000105279,4.15E-05,0.000105069,0.000135848
0.005345494,1.10E-04,5.33E-05,0.000100593,0.000104931
0.008438643,0.000110399,4.78E-05,0.000107925,0.000103626
0.010764538,0.000107858,4.27E-05,0.000117682,0.000107885
0.010799466,0.000105099,4.29E-05,9.05E-05,0.000103704
0.008506659,9.49E-05,4.42E-05,9.64E-05,0.000106884
0.009249664,9.72E-05,4.82E-05,0.000123368,0.000104888
0.00723613,0.000105187,4.32E-05,0.000111992,0.000103313
0.007388862,1.13E-04,5.05E-05,9.92E-05,0.00013833
0.011097383,0.000100269,4.77E-05,0.000100929,0.000114487
0.010823932,9.93E-05,5.39E-05,0.000115888,0.000106907
0.010821953,9.72E-05,4.82E-05,0.000109481,0.000107228
0.009333873,9.95E-05,4.31E-05,0.00012008,0.000122265
0.009777003,9.83E-05,4.20E-05,0.000120586,0.000124217
0.013407124,0.00011373,5.11E-05,0.000116943,0.00011421
0.011665964,9.60E-05,3.98E-05,0.000118665,0.000117946
0.005691936,1.08E-04,5.11E-05,0.00010134,0.000105205
0.00836365,0.00010764,5.45E-05,9.15E-05,0.0001143
0.008389536,0.000101516,4.49E-05,0.000116931,0.00011735
0.008494459,0.000105049,4.93E-05,0.000112615,0.000123724
0.005616499,1.09E-04,5.16E-05,0.000103558,0.000108132
0.009189505,0.000105056,4.89E-05,0.000117749,0.000104558
0.011379053,9.62E-05,4.00E-05,0.000122053,0.000121942
0.009721328,9.97E-05,4.67E-05,0.000123768,0.000113363
0.005492482,0.000103594,4.61E-05,0.000116433,0.000106244
0.01618801,9.92E-05,4.66E-05,0.000123051,0.000138171
0.009295445,0.000105996,5.27E-05,0.000111813,0.000112559
0.008433175,0.000105482,4.42E-05,0.000101913,0.000109738
0.008510959,9.94E-05,2.78E-05,0.000100245,0.00011702
0.009498841,9.84E-05,4.51E-05,0.000109498,0.000117914
0.013506734,9.24E-05,4.52E-05,0.000119694,0.000108218
0.006132385,0.000105561,4.79E-05,0.000109417,0.000103361
0.008107243,9.20E-05,4.78E-05,9.38E-05,0.00011256
0.005488942,0.000103722,4.92E-05,0.000109744,0.00012265
0.007028712,0.000104881,4.78E-05,0.000111584,0.000115129
0.009777003,0.000101696,4.56E-05,0.00011013,0.000100878
0.005616499,0.000112805,5.30E-05,0.000113742,0.000104013
0.007629322,9.82E-05,5.27E-05,0.000115273,0.000115684
0.005782036,1.08E-04,5.08E-05,0.000102705,0.000106077
0.006757118,0.000101602,5.07E-05,0.000114675,0.000119435
0.00869672,0.000100888,4.42E-05,0.000119781,0.000119668
0.005615359,1.01E-04,4.78E-05,9.58E-05,0.000106701
0.005562913,1.09E-04,5.18E-05,9.66E-05,0.000101534
0.007883986,9.94E-05,5.01E-05,0.000121726,0.000122874
0.008455396,0.000105066,4.78E-05,9.46E-05,0.000102389
0.012018761,9.56E-05,3.93E-05,0.000121658,0.000121606
0.005562913,9.48E-05,4.34E-05,0.000108201,0.000117593
0.010387825,9.71E-05,5.37E-05,0.000141089,0.000115266
0.006994498,0.000105022,4.79E-05,0.000104133,0.000107087
0.009241037,0.000103597,4.91E-05,0.000117515,0.000103216
0.012763089,0.00010544,4.93E-05,0.000115837,0.000115439
0.009698719,9.85E-05,4.23E-05,0.00012065,0.0001245
0.004957582,1.18E-04,4.56E-05,0.000104821,0.000104869
0.006823052,0.000105279,4.82E-05,0.000108772,0.000110957
0.007791158,0.000103248,4.59E-05,0.000110475,0.00011308
0.006074124,9.56E-05,4.60E-05,8.18E-05,0.000114167
0.006545653,9.73E-05,4.36E-05,0.000112356,0.000111148
0.006125516,1.11E-04,4.52E-05,0.000140221,9.67E-05
0.0109201,1.05E-04,4.79E-05,0.000109969,0.000119527
0.006478958,1.06E-04,4.88E-05,0.000104838,0.000105059
0.008648872,0.000100944,4.43E-05,0.00011477,0.000114601
0.006900729,9.70E-05,4.41E-05,0.0001198,0.000124463
0.006744153,9.65E-05,4.68E-05,0.000106744,0.000117179
0.009657472,0.000110934,4.57E-05,0.000119643,0.000117942
0.01041025,0.000108614,5.41E-05,0.000108487,0.000113466
0.010863293,0.000101083,4.85E-05,9.25E-05,0.000119715
0.009608949,9.97E-05,4.50E-05,0.000107481,0.000103834
0.006293774,9.75E-05,4.41E-05,0.000104608,0.000115156
0.009390886,9.93E-05,4.30E-05,0.000120811,0.000124038
0.00485666,0.000100588,3.85E-05,0.000117015,0.000114357
0.006034203,0.000106576,4.59E-05,0.000113681,0.000123779
0.011170308,9.63E-05,4.02E-05,0.000123784,0.000124134
0.005561816,0.000100699,5.39E-05,0.000106159,0.000114588
0.010917345,0.000103586,4.15E-05,0.000120213,0.000120479
0.005006841,0.000100373,3.86E-05,0.000116479,0.000116277
0.007415501,0.000103944,4.69E-05,0.000113846,0.000117133
0.008384925,9.97E-05,4.55E-05,0.000120199,0.000115436
0.007398676,0.000104042,4.70E-05,0.000108934,0.000112329
0.005033804,1.12E-04,5.48E-05,8.86E-05,9.12E-05
0.00601294,0.000101168,4.50E-05,0.00011145,0.000107446
0.009892614,9.81E-05,4.19E-05,0.00012324,0.000126413
0.007851573,1.01E-04,4.34E-05,0.000116989,0.000128225
0.004847583,0.000105023,4.82E-05,0.000115992,0.000113136
0.009700522,9.76E-05,5.30E-05,0.000124996,0.000117273
0.005492482,1.09E-04,5.21E-05,9.96E-05,0.000104792
0.008304969,0.000101729,4.50E-05,0.000114889,0.000115505
0.017030239,9.50E-05,2.85E-05,0.000105115,0.000123466
0.007851573,0.00010305,4.58E-05,0.000112388,0.000114703
0.005504448,0.000100691,4.91E-05,0.000104314,0.00012405
0.013405264,1.11E-04,4.43E-05,0.00010409,0.000125388
0.010823932,9.66E-05,4.06E-05,0.000124014,0.000125591
0.009853669,1.00E-04,3.83E-05,0.000124262,0.000125137
0.005952347,1.07E-04,5.01E-05,0.000106292,0.000108061
0.005258828,0.000105256,3.83E-05,0.000103646,0.000103412
0.006482473,1.06E-04,4.87E-05,0.000105696,0.000105976
0.007913077,9.60E-05,5.06E-05,9.93E-05,0.000105257
0.00602944,1.08E-04,4.43E-05,0.00010068,0.000124991
0.007038382,9.74E-05,4.97E-05,0.000112338,0.000121556
0.008339602,0.000101657,4.49E-05,0.000115451,0.000115987
0.008389198,0.000113189,5.52E-05,0.000124226,0.00011876
0.01041425,9.95E-05,4.03E-05,0.000104592,0.000114284
0.009190104,0.000103697,5.41E-05,0.000102689,0.000115142
0.006602309,9.96E-05,4.41E-05,0.000106717,0.000113342
0.009108133,0.000100128,4.35E-05,0.000110942,0.000111464
0.006952909,0.000105066,4.80E-05,0.000108062,0.000110778
0.007225993,9.55E-05,4.65E-05,0.000108176,0.000105724
0.006917938,0.000105168,4.80E-05,0.000111135,0.000113691
0.009659752,9.86E-05,4.25E-05,0.000121679,0.000125492
0.00785139,1.08E-04,4.61E-05,0.000110931,0.000125916
0.009717006,9.95E-05,4.71E-05,0.000120112,0.000126803
0.004981811,9.74E-05,4.77E-05,0.000105651,0.000124457
0.009560675,9.96E-05,4.41E-05,0.0001118,0.00011553
0.007771201,0.000103298,4.60E-05,0.000113184,0.000115799
0.010562739,9.70E-05,4.09E-05,0.000125257,0.00012711
0.008631723,9.72E-05,4.35E-05,0.00012053,0.000106068
0.009712237,9.69E-05,4.59E-05,9.07E-05,0.000109516
0.007328689,0.000104174,4.71E-05,0.000114934,0.000118482
0.010729916,0.000103539,5.21E-05,0.000127342,0.000126242
0.007248976,9.55E-05,4.77E-05,0.000113051,0.000136079
0.008208527,9.95E-05,4.01E-05,0.000122551,0.000116197
0.005728554,0.00010091,5.15E-05,0.000121987,0.000104432
0.00725613,9.92E-05,5.33E-05,0.000116782,0.000120029
0.00581337,1.18E-04,4.66E-05,0.000102335,0.000112979
0.010457799,9.72E-05,4.11E-05,0.000120989,0.000122894
0.009944592,9.84E-05,3.81E-05,8.99E-05,0.000116325
0.008681424,0.000110577,4.56E-05,0.000107085,0.000115001
0.015701487,9.30E-05,3.67E-05,0.000129666,0.000128528
0.008620251,0.000101028,4.43E-05,0.000110971,0.000110907
0.009794029,0.00011061,5.09E-05,0.000105706,0.000113514
0.008821641,0.000100601,4.41E-05,0.000113919,0.000113476
0.006094993,1.07E-04,4.96E-05,0.000100382,0.000101352
0.006628067,0.000101368,4.15E-05,0.000114825,0.000112569
0.010354345,9.52E-05,5.14E-05,0.000106976,0.00011659
0.006602229,0.000100622,4.64E-05,0.000109322,0.000114296
0.013523602,9.44E-05,3.77E-05,0.000128175,0.000129639
0.007656203,1.10E-04,5.47E-05,0.000124495,0.000116434
0.009541827,0.000103646,4.30E-05,0.00013318,0.000115498
0.006362461,0.000101275,4.92E-05,0.00011426,0.000103886
0.00563312,1.09E-04,5.14E-05,0.000103964,0.000108401
0.009327019,0.000103695,4.30E-05,0.000102312,0.000101388
0.006908606,9.95E-05,5.41E-05,0.00011409,0.000118156
0.010917345,9.65E-05,4.05E-05,0.000125405,0.00012678
0.005774865,1.05E-04,4.16E-05,0.000122775,0.000113871
0.015782506,0.000109816,3.83E-05,0.000106882,0.000122967
0.008336725,0.000100359,4.97E-05,0.000118461,0.000124157
0.007203366,0.000104563,4.75E-05,0.000108389,0.000112395
0.010233151,0.000100581,4.76E-05,0.000106692,0.000113075
0.006867417,0.000103507,4.86E-05,0.000120089,0.000121926
0.008728182,1.04E-04,5.10E-05,0.000111263,0.000122731
0.009473409,9.92E-05,4.29E-05,0.000115103,0.000118721
0.008497843,0.000101303,4.47E-05,0.000115492,0.0001158
0.009662669,9.46E-05,5.01E-05,0.00010943,0.000120831
0.005964147,1.02E-04,4.85E-05,0.000119258,0.000133199
0.006651055,0.000105491,4.84E-05,0.000107592,0.000109024
0.010276239,9.75E-05,4.15E-05,0.000118917,0.000121154
0.005276206,0.000100692,5.22E-05,0.000135186,0.000117615
0.007081765,1.01E-04,5.11E-05,0.000100416,0.000123754
0.006737992,9.68E-05,4.14E-05,0.000110718,0.000113264
0.005439196,9.74E-05,4.70E-05,0.000122079,0.000117557
0.007277346,0.000104277,4.73E-05,0.000111465,0.000115172
0.007983235,0.000113203,4.93E-05,0.000104248,0.000102338
0.008679933,1.10E-04,4.59E-05,0.000101889,0.000124064
0.010237888,9.72E-05,4.94E-05,0.000111303,0.000100332
0.014464788,9.37E-05,3.72E-05,0.000133852,0.00013398
0.006072366,9.82E-05,4.70E-05,0.000103177,0.000107649
0.004815974,9.12E-05,5.45E-05,0.000132552,0.000121047
0.006547918,9.82E-05,5.14E-05,9.77E-05,9.91E-05
0.008725193,0.000100782,4.42E-05,0.000112995,0.000112791
0.008453755,0.000101329,4.47E-05,0.000115789,0.00011608
0.00720137,1.04E-04,5.33E-05,0.000116213,0.000118681
0.005820962,0.000102198,5.30E-05,9.59E-05,0.000131577
0.009316549,1.09E-04,3.91E-05,0.000111642,0.000122332
0.005893294,9.98E-05,5.30E-05,0.000100138,0.000108776
0.006567678,0.000111137,4.06E-05,0.000112201,0.000109447
0.007860857,9.59E-05,5.22E-05,0.000116354,0.000116071
0.005932919,1.08E-04,5.01E-05,0.000104267,0.000106198
0.006600735,1.01E-04,3.91E-05,0.000116211,0.000113229
0.007188026,9.72E-05,5.41E-05,0.000111096,0.000107189
0.005588862,1.09E-04,5.16E-05,9.87E-05,0.000103636
0.008340649,0.000103737,4.69E-05,0.000107077,0.000121374
0.00923878,1.08E-04,4.77E-05,9.16E-05,0.000122619
0.006651055,0.000103454,3.80E-05,0.000123996,0.000106926
0.00798656,0.000102636,4.56E-05,0.000111032,0.000112871
0.005744645,1.08E-04,5.09E-05,0.000101835,0.000105424
0.010351035,9.74E-05,4.13E-05,0.00012409,0.000126042
0.01041025,9.72E-05,4.11E-05,0.000120956,0.00012288
0.009266853,0.000100398,5.22E-05,0.000118358,0.000128367
0.011184501,9.89E-05,5.10E-05,0.000119171,0.000103141
0.00713645,0.000104696,4.77E-05,0.000107388,0.000111443
0.008729098,0.000103147,5.12E-05,0.000117733,0.00012203
0.004837701,9.81E-05,5.40E-05,0.000119923,0.000110625
0.008638074,9.66E-05,5.32E-05,0.000118017,0.000119306
0.007265961,9.92E-05,4.78E-05,0.000114536,0.00011237
0.005345494,0.00011039,5.19E-05,0.000114616,0.000117297
0.005381369,0.000101274,5.02E-05,9.68E-05,9.71E-05
0.005647569,1.08E-04,5.12E-05,9.97E-05,0.000103746
0.010384647,9.90E-05,4.30E-05,0.000116322,0.000113205
0.013116347,1.10E-04,4.65E-05,0.000113275,0.000101773
0.008357012,1.11E-04,4.06E-05,0.000111554,0.000110674
0.010351035,9.93E-05,5.03E-05,0.000104249,0.000116807
0.007062149,9.97E-05,4.20E-05,0.000104996,0.000114172
0.008526832,9.91E-05,5.07E-05,0.000109204,0.000123137
0.00860563,0.000101078,4.44E-05,0.000117194,0.000117186
0.007046402,0.00010784,4.74E-05,0.000118767,0.000110547
0.006291751,0.000101273,4.70E-05,0.000119212,0.000117098
0.005412336,1.10E-04,5.26E-05,0.000101277,0.000106343
0.007314113,0.000105445,5.04E-05,9.79E-05,0.000113998
0.005376314,0.00011073,5.02E-05,0.000105227,0.000131074
0.008727833,9.53E-05,5.23E-05,0.000119348,0.000125159
0.006481725,0.000102924,5.51E-05,0.000119866,0.000111152
0.00930147,0.000103836,4.35E-05,9.06E-05,9.25E-05
0.00939404,9.93E-05,3.03E-05,0.000118328,0.000120079
0.007089667,0.000103856,4.65E-05,9.28E-05,0.000106258
0.008101503,9.58E-05,3.86E-05,0.000110305,0.000110385
0.013070249,0.000107808,5.74E-05,0.000109616,0.0001118
0.005541263,1.05E-04,4.43E-05,0.000103281,0.000121549
0.010639571,9.70E-05,4.07E-05,0.00012789,0.000129599
0.006791579,0.000105418,4.83E-05,0.000111511,0.000113334
0.006223447,1.07E-04,4.92E-05,0.000108243,0.000108563
0.008339602,9.46E-05,5.01E-05,0.000115044,0.000116434
0.006832909,9.55E-05,5.48E-05,0.000104328,0.000123115
0.005270251,0.000107611,4.16E-05,0.000122875,0.000105489
0.006125424,1.07E-04,4.95E-05,0.000100605,0.000101487
0.006213105,0.00010786,4.76E-05,0.000116062,0.00011747
0.005478485,1.09E-04,5.21E-05,9.85E-05,0.00010373
0.005215711,1.08E-04,4.88E-05,0.000121124,0.000105573
0.009123007,0.000100103,4.35E-05,0.000115124,0.000115673
0.014568092,1.04E-04,3.87E-05,9.13E-05,0.000139629
0.009302238,0.000103655,4.84E-05,0.000105807,0.000116944
0.007440016,0.000103856,4.68E-05,0.000107625,0.000110862
0.005099816,1.11E-04,5.44E-05,9.03E-05,9.34E-05
0.009672775,9.65E-05,4.49E-05,0.000117468,0.000114828
0.007030102,0.000112259,5.63E-05,0.000119195,0.00011978
0.006018805,1.07E-04,4.99E-05,0.000104724,0.000106179
0.005245467,9.74E-05,5.42E-05,9.91E-05,0.000109681
0.013915325,9.47E-05,5.10E-05,0.000109904,0.000120358
0.005295098,1.05E-04,5.01E-05,0.000110742,0.000124207
0.010663614,8.92E-05,4.51E-05,0.00010871,0.000130064
0.007890122,0.000110191,4.43E-05,0.000115754,0.00011659
0.00824902,0.000101842,4.51E-05,0.000109541,0.000110278
0.005380429,1.10E-04,5.29E-05,9.63E-05,0.000101672
0.008277069,9.90E-05,4.87E-05,0.000118133,0.000115163
0.005646914,1.00E-04,4.01E-05,0.00010155,9.95E-05
0.006539703,0.000104276,4.94E-05,0.000110274,0.000116386
0.005304649,9.75E-05,4.36E-05,0.000118578,0.000103305
0.007283998,0.000104259,4.72E-05,0.000106465,0.000110154
0.007739646,0.00010331,4.60E-05,0.00010549,0.000108116
0.009436366,9.58E-05,4.20E-05,0.000112858,0.000108889
0.007852233,9.54E-05,5.44E-05,0.000118624,0.000127573
0.005033804,9.66E-05,4.41E-05,0.000126674,0.000129166
0.005090069,0.000105418,4.44E-05,0.000122692,0.000118626
0.009234335,1.05E-04,4.85E-05,0.000102996,0.000126605
0.008044558,0.000102372,4.55E-05,0.000112121,0.000113536
0.009048926,0.000105537,4.56E-05,0.0001066,0.000119873
0.009017841,0.000100338,4.36E-05,0.000119352,0.000119193
0.006823052,9.98E-05,4.74E-05,0.000107579,0.000122895
0.00563312,9.74E-05,4.17E-05,0.000113643,9.75E-05
0.005270251,1.11E-04,5.39E-05,0.000100725,0.000104871
0.00642955,9.65E-05,5.49E-05,0.000101035,0.000112836
0.006967374,9.48E-05,5.16E-05,0.000114159,0.000122519
0.00976939,9.55E-05,4.55E-05,0.000112867,0.000102912
0.00740738,0.000104024,4.69E-05,0.000105292,0.000108663
0.006919227,0.000110612,4.35E-05,0.000112763,0.000123306
0.01045769,9.65E-05,4.40E-05,0.000119187,0.000118868
0.010233151,9.76E-05,4.15E-05,0.000124551,0.000126854
0.006132884,1.07E-04,4.95E-05,0.000107821,0.000108606
0.00617897,9.99E-05,5.18E-05,0.000103868,0.00012486
0.005735131,9.55E-05,4.53E-05,0.00010357,0.000108348
0.005000305,9.51E-05,5.13E-05,0.000122519,0.000123805
0.00756143,0.000103594,4.63E-05,0.000109373,0.000112216
0.008123389,0.000104713,4.56E-05,0.000107852,0.000117518
0.010354345,9.73E-05,4.12E-05,0.000118753,0.000120688
0.005892125,9.94E-05,5.21E-05,0.000112009,0.000117024
0.010562739,9.54E-05,5.21E-05,0.000102677,9.67E-05
0.00958834,9.88E-05,4.27E-05,0.00011447,0.000118153
0.00748465,0.000111551,5.61E-05,0.000109916,0.000103844
0.011503766,0.000105327,4.55E-05,0.000119039,0.000115172
0.012912007,9.49E-05,5.00E-05,0.000103121,0.000118999
0.010956097,9.65E-05,4.03E-05,0.000120735,0.000122065
0.006495222,0.000105822,4.87E-05,0.00010484,0.000105266
0.004936845,0.000110734,4.67E-05,0.000126856,0.000110289
0.007375026,0.000104063,4.70E-05,0.000111658,0.000115058
0.005003435,1.09E-04,5.08E-05,0.000121276,0.000103093
0.008968085,0.000108483,4.24E-05,9.97E-05,0.000123997
0.007839958,0.000103067,4.59E-05,0.000114945,0.000117323
0.005516671,1.02E-04,5.13E-05,0.000107277,0.000124224
0.005625586,1.09E-04,5.15E-05,0.000100568,0.000105017
0.004749008,1.14E-04,5.63E-05,9.00E-05,8.85E-05
0.010330746,0.000103155,5.07E-05,0.000110323,0.000122152
0.00933284,0.000103385,4.78E-05,0.000108299,0.000114835
0.006521726,0.000105778,4.87E-05,0.000103218,0.000103694
0.007968454,0.000103153,4.30E-05,0.000126561,0.000109211
0.005468167,1.09E-04,5.22E-05,9.59E-05,0.000101044
0.00527819,9.58E-05,5.12E-05,0.000123695,0.000114998
0.009348909,9.95E-05,4.31E-05,0.000119565,0.000122254
0.009468285,9.93E-05,4.43E-05,0.000109212,0.000106585
0.007129529,0.000104708,4.77E-05,0.000112403,0.000116456
0.010863293,9.65E-05,4.05E-05,0.000121058,0.0001226
0.007921666,1.02E-04,3.79E-05,0.000101912,0.0001118
0.008673768,0.000107908,4.40E-05,0.000110103,9.64E-05
0.010723711,9.59E-05,5.10E-05,0.000100455,0.00010353
0.007867671,0.000103,4.58E-05,0.000112759,0.000115017
0.007641787,0.000103389,4.61E-05,0.000110487,0.000113164
0.004815374,1.02E-04,4.24E-05,0.000103904,0.000123457
0.009620338,1.04E-04,4.89E-05,0.000103452,0.000101052
0.005481481,0.000106877,5.19E-05,0.00010114,0.00011297
0.009684079,9.49E-05,2.99E-05,0.000123632,0.00011591
0.009942003,0.000101747,5.16E-05,0.00011002,0.000104779
0.008626899,9.73E-05,5.08E-05,0.000104218,0.000134426
0.009712237,9.84E-05,4.23E-05,0.000118221,0.000121958
0.009166167,9.64E-05,4.34E-05,0.000120155,0.000115433
0.012232943,9.87E-05,4.63E-05,0.000112598,0.000122304
0.005375607,1.07E-04,5.72E-05,0.000119498,0.000104444
0.005503872,1.04E-04,4.26E-05,9.71E-05,0.000128003
0.005385926,9.92E-05,4.25E-05,0.000111981,0.000117135
0.005905277,1.01E-04,4.62E-05,0.000110297,0.000128128
0.005936137,0.00010307,4.88E-05,0.000105231,0.000113153
0.009679889,9.98E-05,4.82E-05,0.000104553,0.000101747
0.009686963,9.86E-05,4.24E-05,0.000117038,0.000120909
0.010176708,9.77E-05,4.16E-05,0.000119638,0.000122054
0.007028712,0.000100149,5.44E-05,0.000105628,0.000118585
0.007968454,0.00010278,4.56E-05,0.000113907,0.000115878
0.005408989,1.10E-04,5.27E-05,9.51E-05,0.000100363
0.007015944,0.000104947,4.79E-05,0.00010971,0.000113044
0.005504448,1.09E-04,5.19E-05,0.000102506,0.000107655
0.009468267,9.93E-05,4.30E-05,0.000119457,0.000123
0.006611515,0.000109298,4.59E-05,0.000104893,9.99E-05
0.008653943,0.00010318,4.25E-05,0.000108961,9.96E-05
0.005375607,1.10E-04,5.30E-05,0.000103327,0.00010823
0.006444069,1.06E-04,4.89E-05,0.00010399,0.000104267
0.008968085,0.000100452,4.38E-05,0.000115502,0.000115134
0.013807,0.000103487,4.69E-05,0.000114196,0.00010494
0.00836365,0.000101598,4.49E-05,0.000115937,0.00011643
0.005058159,0.000108412,4.34E-05,0.000111002,0.000103227
0.009693105,0.000105022,5.01E-05,0.000112808,0.000111536
0.00923878,9.98E-05,4.34E-05,0.00011688,0.000118209
0.005625586,9.98E-05,4.45E-05,0.000121381,0.000134889
0.010195081,0.00010537,4.28E-05,9.47E-05,9.85E-05
0.007783604,9.96E-05,4.30E-05,0.000103747,0.000115359
0.004965997,9.76E-05,4.23E-05,0.000108876,0.00012502
0.005000305,1.12E-04,5.50E-05,9.60E-05,9.87E-05
0.008214514,0.000102006,4.52E-05,0.000113716,0.000114593
0.008538027,0.000100172,4.33E-05,9.62E-05,9.60E-05
0.006497547,9.82E-05,4.25E-05,0.000115345,0.000101671
0.008588684,0.000101117,4.45E-05,0.000110449,0.000110569
0.011445248,9.75E-05,5.19E-05,0.00011162,0.000103798
0.004783873,0.000101743,4.44E-05,0.000101204,0.000104191
0.006478958,0.000110383,4.56E-05,0.00010412,0.000119312
0.007916866,0.000111207,4.72E-05,8.67E-05,0.000103027
0.009096127,0.000103158,5.67E-05,0.000109866,0.000114416
0.00682425,0.000101789,3.90E-05,0.000112854,0.000101569
0.006180099,9.81E-05,4.35E-05,0.000108866,0.000120299
0.005400253,0.000110549,5.08E-05,0.000118412,0.000100014
0.007707861,0.000103271,4.74E-05,0.000119287,0.0001292
0.009027902,1.05E-04,4.65E-05,0.000110239,0.000125206
0.007489153,9.38E-05,5.11E-05,0.000117499,0.000108055
0.006998773,9.91E-05,5.71E-05,0.000107288,0.000124744
0.007470027,0.000102772,4.07E-05,0.000107205,0.000122577
0.006202014,1.07E-04,4.93E-05,0.000107493,0.000107879
0.011820847,9.59E-05,3.96E-05,0.000132602,0.000131738
0.007007232,0.000100383,4.02E-05,0.000100323,0.000119961
0.007839958,9.72E-05,4.54E-05,0.000119776,0.000102575
0.003837456,1.19E-04,6.07E-05,7.78E-05,5.51E-05
0.011427034,1.04E-04,5.70E-05,0.000131292,0.000117481
0.007076582,9.60E-05,5.09E-05,0.000103902,0.000114499
0.00577068,0.000103327,5.43E-05,0.000132018,0.000124642
0.012355002,0.000103895,4.30E-05,0.000115258,0.00013179
0.009254794,9.98E-05,4.33E-05,0.00011055,0.000111938
0.013257565,0.000105475,4.49E-05,0.000111594,0.000124787
0.01065722,1.10E-04,5.10E-05,0.000130863,0.000113692
0.009370952,9.61E-05,4.14E-05,9.65E-05,0.000101815
0.005343002,1.04E-04,4.32E-05,9.63E-05,0.000112737
0.008884759,0.000100519,4.39E-05,0.000116773,0.000116418
0.00573555,0.000106778,5.00E-05,0.000114192,0.000120934
0.013134839,0.000103452,3.80E-05,0.000104773,0.00012684
0.012828464,9.49E-05,3.83E-05,0.000126522,0.000128649
0.006602309,0.000105509,4.85E-05,0.000104961,0.000106358
0.009972393,0.000102731,4.88E-05,0.000110367,0.000130146
0.009373707,9.94E-05,4.31E-05,0.000115605,0.000118512
0.006034203,1.07E-04,4.97E-05,0.000110256,0.000111604
0.017030239,9.20E-05,3.03E-05,0.000144981,0.000143898
0.005310335,1.10E-04,5.34E-05,9.63E-05,0.000100619
0.005783671,9.65E-05,4.55E-05,0.000102997,0.000120902
0.007155536,0.000104665,4.76E-05,0.000108532,0.000112553
0.011736068,9.59E-05,3.97E-05,0.000122801,0.000121582
0.008160239,0.000102071,4.53E-05,0.000110434,0.000111545
0.004792014,0.000103364,5.69E-05,0.000106124,0.000114901
0.005390352,9.76E-05,5.15E-05,0.000105746,0.00011136
0.007784315,9.67E-05,4.52E-05,0.000104898,0.000119049
0.008987119,0.000103566,3.23E-05,0.000102052,0.000133118
0.009057842,1.07E-04,4.73E-05,0.000101824,0.000110521
0.005058159,1.11E-04,5.46E-05,9.40E-05,9.65E-05
0.006595166,0.000110356,4.24E-05,0.000101487,0.000130904
0.008226915,0.000101895,4.52E-05,0.000113212,0.000113985
0.008317524,0.000101716,4.50E-05,0.000113835,0.000114394
0.017491649,1.05E-04,3.71E-05,0.000105823,0.000122846
0.007984462,9.26E-05,4.64E-05,0.000130516,0.000123332
0.006521726,1.07E-04,4.54E-05,0.000107214,0.000120333
0.005714141,0.000102086,4.37E-05,0.000117144,0.000113897
0.006817597,0.000103931,4.53E-05,9.90E-05,0.000103827
0.008775101,0.000100691,4.41E-05,0.000120457,0.000120216
0.008600217,0.000101101,4.45E-05,0.000118834,0.000118865
0.00601544,0.000103326,4.76E-05,0.000116386,0.000127167
0.007922621,9.65E-05,4.84E-05,0.000106549,0.000108866
0.005840158,1.08E-04,5.05E-05,0.000104375,0.000107254
0.007274512,1.09E-04,4.46E-05,0.000121002,0.000114744
0.00580921,9.46E-05,4.56E-05,8.22E-05,0.00010616
0.013116347,9.48E-05,3.83E-05,0.000129819,0.000131592
0.009544171,9.89E-05,4.27E-05,0.000117319,0.000120979
0.007310397,9.81E-05,4.71E-05,0.000131752,0.000112238
0.00740738,0.000103751,4.28E-05,0.000122182,0.000108577
0.012617156,1.05E-04,4.61E-05,0.000111929,0.000122294
0.005165784,0.000100048,5.04E-05,0.000106956,0.000103735
0.005701643,9.58E-05,5.70E-05,0.000116911,0.00010673
0.008576064,0.000101153,4.46E-05,0.000112164,0.000112344
0.007771201,9.64E-05,5.63E-05,0.000101518,0.000119658
0.005310335,9.84E-05,4.35E-05,0.000109321,0.000100197
0.012459184,0.000110745,4.19E-05,0.000110931,0.000129932
0.007015944,9.59E-05,4.74E-05,0.00012868,0.000112129
0.006462897,0.000103831,4.70E-05,0.000105041,0.00012474
0.004951201,1.12E-04,5.52E-05,9.25E-05,9.49E-05
0.008633591,0.000100964,4.43E-05,0.000116313,0.000116154
0.009732924,1.10E-04,3.78E-05,0.000102735,0.000115331
0.010515764,9.71E-05,4.10E-05,0.0001232,0.000125065
0.006955368,9.77E-05,4.17E-05,0.000107111,0.000123033
0.009108133,0.000111481,5.34E-05,0.000106484,0.000123986
0.008345103,0.00010164,4.49E-05,0.000117267,0.000117784
0.00932145,0.000103781,4.98E-05,9.98E-05,0.000100044
0.008798512,0.000100633,4.41E-05,0.00011936,0.000119018
0.008709465,0.000100817,4.42E-05,0.000112353,0.000112156
0.010262444,0.000102924,5.74E-05,9.79E-05,0.000104334
0.006137126,9.79E-05,5.53E-05,0.000103637,0.000111708
0.007694716,9.67E-05,3.92E-05,0.00011414,0.000102366
0.009521347,0.000102336,3.29E-05,0.000108708,0.000128798
0.007623722,9.30E-05,4.02E-05,0.000116076,0.000121126
0.008123702,0.000101189,4.19E-05,0.000112317,0.000127716
0.006566161,0.000105633,4.85E-05,0.000103119,0.000103852
0.007188026,0.000104593,4.76E-05,0.000101631,0.000105641
0.009698719,0.000110279,4.52E-05,9.83E-05,0.000116541
0.007620426,0.000103454,4.62E-05,0.000113868,0.000116564
0.009114963,9.48E-05,4.98E-05,0.0001094,0.000114415
0.010173804,0.000102923,4.00E-05,0.000111847,0.000103589
0.005390352,1.10E-04,5.28E-05,9.83E-05,0.000103796
0.011170308,0.000103419,4.54E-05,0.000107104,0.000109946
0.004408178,1.17E-04,5.74E-05,8.48E-05,8.52E-05
0.007921666,0.000102818,4.56E-05,0.00011422,0.00011627
0.006590576,0.000105562,4.85E-05,0.000113764,0.000114573
0.005200195,1.09E-04,4.02E-05,0.000107455,0.000115418
0.013915325,9.38E-05,3.74E-05,0.000133845,0.000134255
0.008317524,1.05E-04,4.48E-05,0.000116442,0.000111027
0.008926698,0.000100499,4.39E-05,0.000118824,0.000118421
0.006566161,0.000103231,4.25E-05,0.000114251,0.0001185
0.019008362,9.58E-05,4.20E-05,0.000102459,0.000118218
0.007444004,0.000107147,5.00E-05,0.000117822,0.000106593
0.008994563,0.000100373,4.37E-05,0.000117602,0.000117465
0.004564895,1.15E-04,5.71E-05,8.38E-05,8.24E-05
0.008987831,0.000103301,4.48E-05,0.000105651,0.000121864
0.007767382,0.000111441,4.22E-05,0.000125986,0.000124543
0.008320763,0.000108481,3.67E-05,8.79E-05,0.000113907
0.009368317,9.94E-05,4.31E-05,0.00011275,0.000115395
0.006404694,0.000106839,4.34E-05,0.000117687,0.000112251
0.01589287,9.28E-05,3.56E-05,0.000134772,0.00013376
0.005672946,0.000111504,3.90E-05,0.000133896,0.000118143
0.008263239,0.0001018,4.51E-05,0.000113839,0.000114576
0.005432061,1.10E-04,5.25E-05,9.75E-05,0.000102619
0.012828464,0.000104403,4.14E-05,0.000108137,0.000119905
0.008329867,0.000107425,4.74E-05,0.00010569,0.000113847
0.007133468,9.94E-05,4.35E-05,0.000111807,0.000105253
0.005935984,9.65E-05,4.48E-05,0.000109621,0.000114865
0.00564454,9.37E-05,5.61E-05,0.000112418,0.000106143
0.011313293,9.62E-05,4.00E-05,0.000124233,0.000124294
0.012355002,9.55E-05,3.90E-05,0.000132042,0.000132719
0.009216537,9.99E-05,4.34E-05,0.000119421,0.000120503
0.008955726,0.000106955,4.25E-05,0.000109632,0.000122913
0.006976213,9.93E-05,5.20E-05,0.000112742,0.000118542
0.01251375,0.000103423,4.50E-05,0.000120064,0.000115702
0.009469888,1.12E-04,4.34E-05,0.0001008,0.000101257
0.007022759,0.000106777,3.99E-05,0.000118701,0.000114871
0.005380429,9.99E-05,4.98E-05,0.000109563,0.000106467
0.010176708,1.11E-04,4.46E-05,9.32E-05,0.000111073
0.008570826,0.000103389,4.40E-05,0.000103984,0.000105869
0.01315921,0.000110199,4.54E-05,0.00011187,0.00011462
0.007118603,0.000108478,4.45E-05,0.000101636,0.000105227
0.007119736,0.000111488,4.50E-05,0.000103608,0.000116251
0.010276239,0.000100161,4.64E-05,0.000114427,0.000112666
0.007844654,9.30E-05,4.14E-05,0.000101625,0.000121387
0.006976593,9.88E-05,4.24E-05,0.0001109,0.000100153
0.007293246,0.000102009,4.47E-05,0.000116062,0.000117039
0.009032514,0.000103825,4.10E-05,0.000109755,0.00011709
0.011187723,9.63E-05,4.01E-05,0.000124906,0.000125141
0.005933192,0.000104512,4.47E-05,0.000122426,0.000120504
0.008304969,0.000108707,5.04E-05,0.000121801,0.000121138
0.004706126,0.000107427,4.71E-05,0.000128627,0.000112547
0.01358093,0.000100105,4.59E-05,0.000113796,0.000114366
0.009368317,9.99E-05,3.74E-05,0.000102273,0.000135703
0.0076795,1.11E-04,4.62E-05,0.000103314,0.000127901
0.005832774,0.000107516,5.62E-05,0.000130795,0.00012404
0.010132653,0.000103782,5.18E-05,9.86E-05,0.000110379
0.008237336,0.000101867,4.51E-05,0.000119052,0.00011981
0.011017845,9.64E-05,4.02E-05,0.000122246,0.000123276
0.006928346,0.000103336,3.78E-05,0.000104501,0.000114425
0.006924044,0.000100244,4.44E-05,0.00011614,0.000124929
0.01358093,9.43E-05,3.76E-05,0.000127131,0.000127991
0.006028574,9.81E-05,5.12E-05,0.00011284,0.000110602
0.008399714,9.83E-05,4.35E-05,0.000114747,0.00012986
0.005936137,1.08E-04,5.01E-05,0.000105632,0.000107444
0.009010936,0.000102955,4.02E-05,0.00010616,0.000123399
0.007980876,0.000102672,5.43E-05,0.000114289,0.000109236
0.008983243,0.000100398,4.38E-05,0.000113319,0.00011303
0.006400122,1.08E-04,4.04E-05,0.000132864,0.000129789
0.008633591,0.000106796,4.23E-05,0.000111147,9.30E-05
0.016230072,9.26E-05,3.36E-05,0.000136616,0.000136783
0.006523711,9.64E-05,4.50E-05,0.000111768,0.000107726
0.008107243,0.000102208,4.54E-05,0.000114378,0.000115664
0.00564454,1.09E-04,5.13E-05,0.000102819,0.000106951
0.008088419,0.000102347,4.54E-05,0.000112714,0.000114024
0.007791158,9.79E-05,4.34E-05,0.000104141,0.000112742
0.005468167,9.30E-05,4.54E-05,0.000119345,0.000122239
0.008300693,0.000104376,4.49E-05,0.000103296,0.000118159
0.004981811,1.12E-04,5.50E-05,9.57E-05,9.84E-05
0.009359057,9.80E-05,4.83E-05,0.000105521,0.000107134
0.012510801,0.000107123,4.44E-05,0.000108349,0.000100343
0.010509884,9.81E-05,3.51E-05,9.92E-05,0.000112686
0.004663041,1.15E-04,5.69E-05,9.15E-05,8.93E-05
0.005824286,0.000107135,4.55E-05,0.000101341,0.000119887
0.005350795,0.00010278,4.63E-05,0.000101879,0.000105447
0.008283602,9.78E-05,4.26E-05,0.000106438,0.000122134
0.008389536,9.86E-05,3.89E-05,0.000103962,0.000111021
0.007444004,0.000103836,4.68E-05,0.000113319,0.000116442
0.007798272,1.00E-04,4.48E-05,0.000118855,0.000118472
0.011426402,9.76E-05,4.10E-05,9.62E-05,0.000111726
0.005812053,9.78E-05,4.37E-05,9.91E-05,0.000106825
0.005855808,0.000103067,4.33E-05,0.000117311,0.000107522
0.007134804,0.000102046,4.40E-05,9.92E-05,0.000125338
0.005574796,1.09E-04,5.18E-05,0.000101284,0.000106152
0.007815657,9.89E-05,5.36E-05,0.000108195,0.000111094
0.008983243,9.87E-05,4.94E-05,9.31E-05,0.000105104
0.006536936,0.000105756,4.86E-05,0.00010443,0.000105079
0.007143693,0.000102347,4.53E-05,0.000106636,0.0001105
0.00581337,1.08E-04,5.07E-05,9.89E-05,0.000102126
0.005432061,9.38E-05,4.20E-05,0.000105149,0.000115148
0.012610283,9.51E-05,3.86E-05,0.00012519,0.000127109
0.009765012,0.000108462,4.39E-05,0.000110221,0.000106161
0.009092525,0.000100172,4.35E-05,0.000117012,0.000117329
0.004934415,1.10E-04,4.10E-05,9.87E-05,0.000105224
0.006807676,0.000105309,4.83E-05,0.000107703,0.000109614
0.007980752,9.92E-05,4.83E-05,0.000107452,0.00011464
0.007046402,0.000104835,4.78E-05,0.000109909,0.000113559
0.007129529,0.000112213,4.75E-05,0.000121343,0.000114529
0.00861995,0.000102072,4.38E-05,0.000108639,0.000110572
0.007076582,0.000104763,4.78E-05,0.000107334,0.000111231
0.015701487,9.94E-05,4.53E-05,8.87E-05,0.000131137
0.019008362,9.12E-05,2.85E-05,0.000143347,0.000144018
0.007441749,9.88E-05,4.85E-05,0.00011283,6.22E-05
0.007170519,0.000103298,4.40E-05,0.00010824,0.00012994
0.006132884,9.78E-05,4.84E-05,0.000101217,0.000105089
0.007089667,0.000104729,4.77E-05,0.000108477,0.000112426
0.009003031,0.00010047,4.22E-05,0.00010372,0.000115345
0.006732341,0.00010922,5.83E-05,0.0001139,0.000105869
0.008341057,0.000108364,4.54E-05,0.000116765,0.00012633
0.012610283,0.00010432,5.00E-05,0.000119301,0.000117525
0.007310397,0.000104211,4.71E-05,0.000106272,0.000109961
0.00659804,9.77E-05,4.74E-05,9.61E-05,7.29E-05
0.008620251,9.94E-05,4.79E-05,0.000109039,0.000109919
0.006416183,0.000104225,4.75E-05,0.000115824,9.63E-05
0.007806407,0.00010406,4.73E-05,0.000128083,9.09E-05
0.005355639,0.000102636,3.73E-05,0.000100448,0.000105818
0.02006215,0.000110065,4.63E-05,0.000101263,0.0001007
0.00517387,0.000110471,4.47E-05,0.000108299,0.000129595
0.013523602,0.000107103,4.98E-05,0.000120905,0.000115157
0.00528037,0.000102026,4.39E-05,0.000102269,0.000104096
0.006535061,0.000108333,3.99E-05,0.00011681,0.00011773
0.007491096,9.93E-05,4.06E-05,0.000110461,0.000113622
0.006792131,1.07E-04,5.19E-05,0.000102099,0.000123937
0.007913077,0.000102866,4.56E-05,0.000119193,0.000121288
0.010639571,0.00010397,4.47E-05,0.000112376,0.000115094
0.008513749,0.000101294,4.47E-05,0.000113349,0.000113623
0.00545117,0.000103815,5.00E-05,0.000121285,9.75E-05
0.004837701,1.13E-04,5.61E-05,9.15E-05,9.29E-05
0.012244228,0.000100452,5.18E-05,0.000112042,0.000111245
0.008924354,0.000103944,4.17E-05,0.000114111,0.000101503
0.009348909,1.02E-04,4.72E-05,0.000106889,0.000115349
0.006025851,9.43E-05,4.47E-05,0.00011404,0.000128826
0.005878838,0.000107935,4.23E-05,0.000114693,0.00010195
0.00904735,0.000100244,4.35E-05,0.000117349,0.000117418
0.006519873,1.02E-04,4.18E-05,0.000105935,0.000126886
0.005404585,0.00010262,4.74E-05,9.79E-05,0.000111842
0.005619604,0.000108226,4.84E-05,0.000113348,0.000123669
0.009414897,0.000102052,4.25E-05,9.86E-05,0.000116422
0.008853258,1.02E-04,5.11E-05,0.000103688,0.000116868
0.005744645,0.000107323,5.79E-05,0.000123524,0.000108355
0.0077195,0.000103336,4.61E-05,0.000111515,0.000114177
0.006028574,1.07E-04,4.98E-05,0.000101388,0.000102824
0.005356283,1.10E-04,5.30E-05,9.63E-05,0.000101023
0.007281231,0.00010043,4.46E-05,9.87E-05,0.000111829
0.010354128,9.80E-05,4.33E-05,0.000118847,0.00010047
0.008605384,1.05E-04,4.73E-05,0.000100795,0.000123034
0.005905277,1.08E-04,5.03E-05,0.000108234,0.000110593
0.005930775,0.000103804,4.38E-05,0.000113495,0.000106618
0.008345103,9.27E-05,5.36E-05,0.000121136,9.64E-05
0.011307751,1.05E-04,4.09E-05,0.000110268,0.000112113
0.005408989,0.000104063,3.70E-05,0.000111955,0.000113858
0.006289763,1.06E-04,4.92E-05,0.000109565,0.000109907
0.008617386,0.00010261,4.20E-05,0.000112901,0.000117228
0.005356283,0.00010835,4.79E-05,0.00010619,0.000101321
0.011345764,1.03E-04,4.81E-05,0.000120581,0.000114324
0.009451757,1.03E-04,4.83E-05,0.000112413,0.000128256
0.009166167,1.00E-04,4.34E-05,0.000119283,0.000120236
0.009041321,1.03E-04,5.00E-05,0.000121204,9.77E-05
0.007171353,0.00010437,4.48E-05,0.000109645,0.000107942
0.009331997,9.96E-05,4.32E-05,0.000116698,0.000118717
0.005833766,0.000108368,5.00E-05,0.000110223,9.57E-05
0.005336486,1.03E-04,4.83E-05,0.000114641,0.000116811
0.005131038,1.11E-04,5.43E-05,9.73E-05,0.000100443
0.004924935,0.000110089,4.47E-05,0.000119866,0.000118247
0.006362785,9.29E-05,4.24E-05,0.000114662,0.000112649
0.005423392,1.08E-04,5.00E-05,0.000109362,0.000114178
0.008729098,0.000100717,4.42E-05,0.00011342,0.00011317
0.006908606,0.000105197,4.81E-05,0.000107357,0.000109858
0.006215969,9.93E-05,5.11E-05,0.000115953,9.99E-05
0.014884641,9.44E-05,4.34E-05,0.000110359,9.94E-05
0.007440016,9.99E-05,4.22E-05,0.000111746,9.24E-05
0.012364336,0.000106981,3.98E-05,0.000105014,0.000115272
0.008300174,1.04E-04,4.76E-05,0.000119199,0.000117357
0.005661144,0.00010546,4.49E-05,0.000121434,0.00011491
0.005919015,1.08E-04,4.49E-05,0.000111218,0.000119216
0.006545653,0.000105685,4.85E-05,0.000105927,0.000106609
0.008673768,0.00010091,4.43E-05,0.000116377,0.000116229
0.009485191,9.91E-05,4.28E-05,0.000121416,0.000125158
0.008136861,0.000104729,6.07E-05,0.000100403,9.61E-05
0.008433175,0.000101396,4.48E-05,0.000114973,0.00011529
0.0072919,0.000107478,4.82E-05,9.99E-05,0.000101443
0.005357796,0.000108218,4.39E-05,0.000113918,0.0001152
0.006710547,1.02E-04,4.74E-05,0.00011559,9.63E-05
0.009017841,0.000104445,4.47E-05,0.000121148,0.000118028
0.007498369,0.000104207,4.38E-05,0.00011962,8.60E-05
0.007837269,1.07E-04,4.34E-05,0.000109141,9.82E-05
0.013257565,9.46E-05,3.80E-05,0.000130513,0.000132174
0.015727785,0.000107153,4.20E-05,9.65E-05,0.000108443
0.007883986,0.000102974,4.57E-05,0.000114895,0.000117145
0.006473084,9.39E-05,4.96E-05,0.000117224,0.000107534
0.009353451,9.87E-05,3.36E-05,9.92E-05,9.61E-05
0.006243117,1.06E-04,4.92E-05,0.000105861,0.000106157
0.008311616,1.02E-04,5.61E-05,0.000103622,8.79E-05
0.012662031,9.49E-05,3.85E-05,0.000131974,0.000134148
0.007721874,9.80E-05,5.89E-05,0.000119594,0.000108848
0.011427034,9.61E-05,3.99E-05,0.000127333,0.000127163
0.00941822,1.05E-04,4.53E-05,0.000105125,0.000103849
0.006681165,0.000104663,4.07E-05,0.000102678,0.000131585
0.007155536,0.000106805,4.63E-05,0.00012087,8.74E-05
0.009448851,0.000109469,4.56E-05,0.000115654,0.000102979
0.012459184,9.54E-05,3.90E-05,0.000126439,0.000127365
0.00575349,1.07E-04,4.13E-05,0.000118213,0.000114647
0.006926002,0.000105099,4.80E-05,0.000105967,0.000108577
0.004911845,9.63E-05,4.20E-05,0.00012722,0.000116257
0.005927626,1.08E-04,5.02E-05,9.89E-05,0.000100914
0.010110433,0.000108317,4.12E-05,0.000124751,0.000113732
0.004890869,0.000104348,4.11E-05,0.000102778,0.000114928
0.005168817,0.000108283,4.89E-05,0.00010249,8.96E-05
0.011410454,0.000105461,4.18E-05,0.00011223,0.000112201
0.009829493,9.82E-05,4.20E-05,0.000121174,0.000124638
0.005409003,9.61E-05,4.06E-05,0.000123841,0.000108004
0.008124672,0.00010406,4.53E-05,0.000113203,0.000106862
0.006170568,1.03E-04,4.38E-05,0.000114959,0.000118386
0.008884759,9.79E-05,4.76E-05,0.000116072,0.000106812
0.006495222,0.000104675,3.69E-05,9.59E-05,9.32E-05
0.007365824,0.000104113,4.71E-05,0.000105733,0.000109196
0.007481517,1.03E-04,4.46E-05,0.000106025,9.20E-05
0.004858963,9.88E-05,4.95E-05,0.000116485,0.00011029
0.005131038,9.63E-05,4.83E-05,0.00010111,9.49E-05
0.00860235,0.000104083,4.96E-05,0.00011512,8.99E-05
0.005735676,0.000107058,4.33E-05,0.000114976,0.000119068
0.006413136,0.000109145,4.25E-05,0.000121706,0.000118045
0.005951959,1.02E-04,4.63E-05,0.000108501,0.00011683
0.006404836,9.93E-05,4.18E-05,9.94E-05,0.000115438
0.005804508,1.08E-04,5.07E-05,0.000107411,0.000110766
0.005378133,1.08E-04,4.59E-05,0.000110228,0.000113482
0.006471257,0.000102417,5.50E-05,0.000110122,0.000121744
0.007265961,0.000104348,4.73E-05,0.000111758,0.000115649
0.006363951,1.06E-04,4.90E-05,0.000102459,0.000102744
0.008022623,0.000102522,4.55E-05,0.000118862,0.00012043
0.005742802,0.000102817,4.34E-05,0.000116482,0.000117513
0.006796754,0.00010537,4.83E-05,0.000108947,0.000110818
0.008576064,0.000104696,3.99E-05,9.37E-05,0.000108069
0.005761614,1.02E-04,4.14E-05,0.000109742,0.000118297
0.007733614,1.03E-04,4.06E-05,0.000122224,0.000106563
0.010523301,0.000100519,4.49E-05,0.000108293,0.000118107
0.004888751,1.03E-04,3.98E-05,0.000122518,0.00011843
0.007621285,0.000104665,4.11E-05,0.000108195,0.000115371
0.009793381,9.82E-05,4.20E-05,0.000122473,0.000126113
0.009346858,9.93E-05,4.23E-05,0.000116799,0.000126299
0.01357209,9.63E-05,4.81E-05,0.000100663,9.05E-05
0.00860563,0.000102522,4.19E-05,0.000131408,0.00011196
0.005647569,9.62E-05,4.72E-05,0.000120858,0.000106692
0.00646652,0.000100068,3.98E-05,0.000112492,0.000133158
0.007503186,0.000104073,4.49E-05,0.000111746,0.00011443
0.004562734,9.28E-05,4.85E-05,0.000100788,0.000115748
0.007893934,0.000102924,4.57E-05,0.000112424,0.000114568
0.008588684,9.44E-05,4.55E-05,9.66E-05,0.000111565
0.004173097,1.18E-04,5.83E-05,8.70E-05,7.94E-05
0.008035658,0.000102417,4.55E-05,0.000114741,0.000116242
0.010297509,9.75E-05,4.14E-05,0.000120001,0.000122131
0.009436366,9.93E-05,4.30E-05,0.00012222,0.0001255
0.009608949,9.87E-05,4.26E-05,0.000119905,0.000123673
0.011625405,1.02E-04,4.73E-05,0.000120084,0.000115152
0.005889331,0.000102846,4.08E-05,0.000128743,0.000119387
0.007540773,0.000108965,4.39E-05,0.000102549,0.000110159
0.004859626,0.000104737,4.13E-05,0.000109711,0.00011276
0.007537887,0.000107186,3.70E-05,0.000109994,0.000121122
0.005824286,1.08E-04,5.06E-05,0.000106937,0.000109931
0.008598763,1.10E-04,4.08E-05,0.000113867,0.000107409
0.006213105,1.07E-04,4.93E-05,0.000106227,0.000106583
0.006416183,1.06E-04,4.89E-05,0.000108149,0.000108449
0.007826095,1.07E-04,4.83E-05,9.85E-05,0.000108747
0.005891425,1.01E-04,4.00E-05,0.000112247,0.000116403
0.009979,0.000103814,4.12E-05,9.00E-05,0.000113496
0.00859489,0.000102372,4.33E-05,8.78E-05,0.000104904
0.009674949,9.86E-05,4.25E-05,0.000123146,0.000127
0.006404694,1.06E-04,4.90E-05,0.000104928,0.000105206
0.006149139,0.000100105,4.21E-05,0.000108538,0.000102002
0.007534673,1.02E-04,4.11E-05,0.000105721,0.000121449
0.009333873,9.87E-05,3.74E-05,0.000122699,0.000130307
0.008600217,1.08E-04,4.49E-05,0.000107743,0.000112107
0.007827871,0.000103147,4.59E-05,0.000114297,0.000116823
0.009632392,9.87E-05,4.25E-05,0.000121182,0.000124938
0.009974859,9.79E-05,4.19E-05,0.000123081,0.000125875
0.008908872,0.000102495,4.80E-05,0.000128387,0.000114737
0.007481517,0.000103804,4.67E-05,0.000109547,0.000112594
0.005439318,1.10E-04,5.23E-05,9.62E-05,0.000101383
0.006803057,9.44E-05,4.33E-05,9.39E-05,0.000108682
0.007620426,0.000102975,3.92E-05,0.000121828,0.000107047
0.004408178,0.000100501,4.05E-05,0.000113743,0.000117642
0.007440223,9.62E-05,3.94E-05,0.00012612,6.80E-05
0.010110433,9.77E-05,4.17E-05,0.000120793,0.000123379
0.007533894,1.10E-04,4.81E-05,0.000112904,0.000117259
0.007537887,0.000103646,4.64E-05,0.000111522,0.000114371
0.00517387,1.11E-04,5.41E-05,9.46E-05,9.79E-05
0.006836293,0.000105245,4.82E-05,0.000103903,0.000106281
0.008581594,1.02E-04,4.46E-05,0.000107128,0.00010259
0.007616124,9.63E-05,4.12E-05,0.000112525,0.000125038
0.013558127,0.000107262,3.96E-05,0.000123192,0.000125914
0.011379053,9.80E-05,4.76E-05,9.83E-05,0.000130764
0.004660154,1.04E-04,3.75E-05,0.000129793,0.000133017
0.007577593,1.09E-04,4.12E-05,0.000108104,0.000104986
0.012125627,9.88E-05,3.60E-05,0.000113201,0.000124571
0.008123702,0.000102163,4.53E-05,0.000112719,0.000113916
0.006181716,1.07E-04,4.94E-05,0.000104621,0.000105211
0.011363391,0.000101902,4.85E-05,0.00011212,0.000110666
0.00756143,0.00010907,4.11E-05,0.000110179,0.00011425
0.006467954,0.000100474,3.94E-05,0.000101145,0.00010864
0.006150103,1.07E-04,4.95E-05,0.000107717,0.000108399
0.003874696,9.62E-05,4.95E-05,0.000130087,9.43E-05
0.00750451,9.86E-05,3.94E-05,0.000107985,0.000104484
0.011665964,0.000107099,4.95E-05,9.13E-05,0.000107476
0.007832906,1.03E-04,4.95E-05,0.000110996,0.000130584
0.003837456,1.04E-04,4.95E-05,0.000115995,0.000136243
0.006150103,0.000104029,5.57E-05,0.000126621,0.000129506
0.011626351,0.000104696,4.05E-05,0.000111429,0.00011567
0.006792996,0.000107335,4.20E-05,0.000124,0.000111292
0.011892435,9.86E-05,3.94E-05,0.000118327,0.000130848
0.006867417,0.000105222,4.81E-05,0.000104347,0.000106775
0.007600867,9.86E-05,5.50E-05,0.000130888,0.000131065
0.011678921,9.63E-05,4.05E-05,0.000112455,0.000107889
0.00750938,9.62E-05,4.94E-05,0.000124055,0.000113085
0.004180905,0.000104571,4.81E-05,0.000127046,0.000131983
0.011938815,9.58E-05,3.95E-05,0.000129287,0.000128616
0.004173097,0.000104042,3.93E-05,0.000132055,0.000119529
0.009994447,0.000104679,4.20E-05,0.000113508,0.00011675
0.010020004,0.00010946,3.95E-05,9.02E-05,0.000106967
0.010069359,0.000107311,4.05E-05,0.000113479,0.000133368
0.008329867,0.000101699,4.50E-05,0.000117986,0.000118534
0.005878838,1.08E-04,5.05E-05,0.000103406,0.000106221
0.009295445,9.97E-05,4.33E-05,0.000115257,0.000116861
0.006060283,1.07E-04,4.97E-05,0.000105612,0.000106892
0.011927294,9.63E-05,4.81E-05,0.000131305,0.000112854
0.011717179,0.000104174,3.76E-05,0.000123367,0.000104918
0.007474042,0.000103825,4.67E-05,0.000115638,0.000118713
0.012007294,0.000101842,4.95E-05,9.64E-05,0.000132212
0.009732924,9.83E-05,4.22E-05,0.000117017,0.000120704
0.012018761,1.09E-04,4.79E-05,9.16E-05,0.000108442
0.011938815,0.000107013,3.96E-05,0.000122968,0.000103057
0.011988875,1.04E-04,4.80E-05,0.000127202,0.00010636
0.010679204,9.70E-05,4.07E-05,0.000124584,0.000126291
0.005966586,1.07E-04,5.00E-05,0.000107819,0.000109429
0.010324185,9.74E-05,4.14E-05,0.000121501,0.000123523
0.012100809,1.08E-04,4.05E-05,0.000122794,0.000102995
0.011981827,1.05E-04,4.80E-05,0.000121235,0.000100775
0.011820847,1.08E-04,4.79E-05,0.00012831,0.00010796
0.005541263,1.09E-04,5.19E-05,9.74E-05,0.000102475
0.011773821,1.00E-04,4.80E-05,0.000128387,0.000108274
0.011762012,1.08E-04,4.80E-05,0.000128053,0.000108044
0.009720025,9.84E-05,4.22E-05,0.000119413,0.000123144
